{"cameraMode":{"drawMode":0,"name":"Shaded","section":"Shading Mode"},"sceneLighting":true,"audioPlay":false,"sceneViewState":{"m_AlwaysRefresh":false,"showFog":true,"showSkybox":true,"showFlares":true,"showImageEffects":true,"showParticleSystems":true,"showVisualEffectGraphs":true,"m_FxEnabled":true},"in2DMode":false,"pivot":{"x":-1.0833107233047486,"y":1.3352187871932984,"z":0.2102551907300949},"rotation":{"x":-0.00299867894500494,"y":0.7595942616462708,"z":-0.0035007749684154989,"w":-0.6503866910934448},"size":1.738917589187622,"orthographic":false}