{"cameraMode":{"drawMode":0,"name":"Shaded","section":"Shading Mode"},"sceneLighting":false,"audioPlay":false,"sceneViewState":{"m_AlwaysRefresh":false,"showFog":true,"showSkybox":false,"showFlares":true,"showImageEffects":true,"showParticleSystems":true,"showVisualEffectGraphs":true,"m_FxEnabled":true},"in2DMode":false,"pivot":{"x":-0.08984748274087906,"y":1.9367138147354127,"z":0.03538424149155617},"rotation":{"x":0.0337771400809288,"y":-0.03267054259777069,"z":0.002043777843937278,"w":0.999577522277832},"size":0.6833946108818054,"orthographic":false}